<?xml version="1.0" encoding="UTF-8"?>
<!--This is a Reload version 2.5.6 SCORM 1.2 Content Package document-->
<!--Spawned from the Reload Content Package Generator - http://www.reload.ac.uk-->
<manifest xmlns="http://www.imsproject.org/xsd/imscp_rootv1p1p2" xmlns:imsmd="http://www.imsglobal.org/xsd/imsmd_rootv1p2p1" xmlns:xsi="http://www.w3.org/2001/XMLSchema-instance" xmlns:adlcp="http://www.adlnet.org/xsd/adlcp_rootv1p2" identifier="MANIFEST-BB4C6CDE5492BD9BECCEE74B6A1DC29B" xsi:schemaLocation="http://www.imsproject.org/xsd/imscp_rootv1p1p2 imscp_rootv1p1p2.xsd http://www.imsglobal.org/xsd/imsmd_rootv1p2p1 imsmd_rootv1p2p1.xsd http://www.adlnet.org/xsd/adlcp_rootv1p2 adlcp_rootv1p2.xsd">
  <organizations default="ORG-DE6BD0920350E64A7397514C2C36590A">
    <organization identifier="ORG-DE6BD0920350E64A7397514C2C36590A" structure="hierarchical">
      <title>Relações Étnico-raciais e História e Cultura Afro-brasileira e Indígena</title>
      <item identifier="ITEM-575DCEB09B3EF749FAADA75A0E13B682" isvisible="true">
        <title>Unidade 2 – Os Povos Indígenas Antes Da Colonização</title>
        <item identifier="ITEM-FD96CBBC8FA90F3E6259E82EF8481ED8" isvisible="true" identifierref="RES-2F2F701E033689294F1DF2AD217219AF">
          <title>Página interativa</title>
        </item>
      </item>
    </organization>
  </organizations>
  <resources>
    <resource identifier="RES-95FFF249E77A9730EAE2617A0C6D1BE5" type="webcontent" href="modulo1/index.html">
      <file href="modulo1/index.html" />
      <file href="player/css/boots-bones.css" />
      <file href="player/css/jquery-ui-1.10.0.custom.css" />
    </resource>
    <resource identifier="RES-2F2F701E033689294F1DF2AD217219AF" type="webcontent" href="DISCIPLINA/modulo1/index.html">
      <file href="DISCIPLINA/modulo1/index.html" />
      <file href="DISCIPLINA/player/css/boots-bones.css" />
      <file href="DISCIPLINA/player/css/jquery-ui.min.css" />
    </resource>
  </resources>
</manifest>

